Rank,Lane,Name,Winning Rate,Pick rate
Bronze,Top,Azir,48.7,0.03
Bronze,Top,Janna,32.85,0.04
Bronze,Top,Taric,35.81,0.04
Bronze,Top,Gragas,38.1,0.04
Bronze,Top,Anivia,23.53,0.05
Bronze,Top,Viktor,39.78,0.05
Bronze,Top,Sejuani,45.83,0.05
Bronze,Top,Karthus,49.45,0.05
Bronze,Top,Skarner,53.04,0.05
Bronze,Top,Ziggs,41.06,0.06
Bronze,Top,Kha'Zix,46.23,0.06
Bronze,Top,Lissandra,49.22,0.07
Bronze,Top,Draven,50.21,0.07
Bronze,Top,Corki,45.59,0.08
Bronze,Top,Viktor,48.84,0.09
Bronze,Top,Zilean,51.53,0.09
Bronze,Top,Brand,42.94,0.1
Bronze,Top,Udyr,45.86,0.1
Bronze,Top,Lulu,42.78,0.11
Bronze,Top,Annie,52.48,0.11
Bronze,Top,Soraka,38.49,0.14
Bronze,Top,Twisted Fate,42.68,0.14
Bronze,Top,Graves,50.21,0.14
Bronze,Top,Diana,48.75,0.16
Bronze,Top,Nidalee,39.41,0.17
Bronze,Top,Malzahar,49.68,0.18
Bronze,Top,Galio,46.7,0.19
Bronze,Top,Xin Zhao,47.28,0.2
Bronze,Top,Kassadin,45.41,0.22
Bronze,Top,Tristana,46.49,0.22
Bronze,Top,Zed,48.02,0.22
Bronze,Top,Veigar,48.83,0.22
Bronze,Top,Swain,47.14,0.24
Bronze,Top,Rammus,48.78,0.29
Bronze,Top,Karma,43.96,0.33
Bronze,Top,Shaco,49.09,0.33
Bronze,Top,Nocturne,50.4,0.36
Bronze,Top,Neeko,68.6,0.38
Bronze,Top,Hecarim,49.58,0.41
Bronze,Top,Sion,52.47,0.46
Bronze,Top,Tahm Kench,47.14,0.49
Bronze,Top,Warwick,48.85,0.49
Bronze,Top,Shyvana,50.81,0.5
Bronze,Top,Cassiopeia,51.69,0.5
Bronze,Top,Rumble,49.94,0.52
Bronze,Top,Kalista,48.2,0.58
Bronze,Top,Trundle,48.05,0.67
Bronze,Top,Master Yi,47.74,0.68
Bronze,Top,Ryze,47.02,0.81
Bronze,Top,Kayn,50.19,0.91
Bronze,Top,Cho'Gath,47.18,0.92
Bronze,Top,Pantheon,44.28,1.03
Bronze,Top,Kennen,48.02,1.07
Bronze,Top,Rengar,50.26,1.11
Bronze,Top,Olaf,44.99,1.13
Bronze,Top,Zac,50.92,1.18
Bronze,Top,Camille,48.98,1.2
Bronze,Top,Kled,50.42,1.2
Bronze,Top,Singed,50.05,1.21
Bronze,Top,Gnar,48.34,1.22
Bronze,Top,Gangplank,46.93,1.23
Bronze,Top,Fiddlesticks,51.77,1.25
Bronze,Top,Urgot,50.95,1.39
Bronze,Top,Heimerdinger,49.24,1.52
Bronze,Top,Lucian,45.39,1.56
Bronze,Top,Jayce,48.35,1.65
Bronze,Top,Tryndamere,49.53,1.73
Bronze,Top,Poppy,47.16,1.82
Bronze,Top,Quinn,51.13,1.95
Bronze,Top,Riven,47.04,2.02
Bronze,Top,Shen,49.39,2.06
Bronze,Top,Yasuo,50.93,
Bronze,Top,Yorick,51.27,2.22
Bronze,Top,Kayle,48.81,2.24
Bronze,Top,Sylas,45.26,2.7
Bronze,Top,Wukong,48.49,2.7
Bronze,Top,Dr. Mundo,49.61,2.77
Bronze,Top,Vladimir,46.82,2.81
Bronze,Top,Vayne,50.12,3.12
Bronze,,Akali,44.01,3.68
Bronze,Top,,48.41,4.07
Bronze,Top,Maokai,49.75,4.39
Bronze,Top,Nasus,49.87,4.48
Bronze,Top,illaoi,49.75,4.85
Bronze,Top,Irelia,46.67,5.16
Bronze,Top,Fiora,50.31,5.2
Bronze,Top,Volibear,41.84,6.26
Bronze,Top,Malphite,48.28,6.31
Bronze,Top,Teemo,50.2,7.42
Bronze,Top,Aatrox,46.51,7.53
Bronze,Top,Sett,45.44,8.35
Bronze,Top,Ornn,49.52,9.77
Bronze,Top,Mordekaiser,47.68,12.07
Bronze,Top,Darius,48.54,12.61
Bronze,Top,Renekton,45.68,12.92
Bronze,Top,Garen,49.94,18.19
Bronze,Jungle,Anivia,17.65,0.06
Bronze,Jungle,Kayle,45.28,0.06
Bronze,Jungle,Kled,46.84,0.06
Bronze,Jungle,Yorick,42.79,0.07
Bronze,Jungle,urgot,42.33,0.11
Bronze,Jungle,Tahm Kench,42.36,0.11
Bronze,Jungle,Brand,46.56,0.11
Bronze,Jungle,Sion,50.13,0.11
Bronze,Jungle,Twisted Fate,41.79,0.13
Bronze,Jungle,Rumble,44.7,0.13
Bronze,Jungle,Qiyana,35.43,0.14
Bronze,Jungle,Singed,39.6,0.14
Bronze,Jungle,Quinn,45.6,0.17
Bronze,Jungle,Taliyah,42.13,0.22
Bronze,Jungle,Riven,40.5,0.23
Bronze,Jungle,Skarner,52.81,0.23
Bronze,Jungle,Morgana,50.38,0.28
Bronze,Jungle,Camille,44.08,0.33
Bronze,Jungle,Cho'Gath,49.26,0.33
Bronze,Jungle,Maokai,46.53,0.35
Bronze,Jungle,Ivern,47.04,0.38
Bronze,Jungle,Twitch,44.08,0.43
Bronze,Jungle,Aatrox,44.08,0.45
Bronze,Jungle,Shen,48.62,0.48
Bronze,Jungle,Mordekaiser,44.57,0.53
Bronze,Jungle,Rengar,42.48,0.62
Bronze,Jungle,Diana,44.58,0.65
Bronze,Jungle,Nasus,46.44,0.65
Bronze,Jungle,Teemo,,0.72
Bronze,Jungle,Tryndamere,,0.86
Bronze,Jungle,Garen,42.27,0.96
Bronze,Jungle,Karthus,47.05,1.13
Bronze,Jungle,Poppy,48.79,1.21
Bronze,Jungle,Udyr,51.14,1.4
Bronze,Jungle,Pantheon,44.25,1.45
Bronze,Jungle,Kindred,47.94,1.46
Bronze,Jungle,Sejuani,48.84,1.53
Bronze,Jungle,Kha'Zix,45.75,1.62
Bronze,Jungle,Gragas,46.0,1.65
Bronze,Jungle,Malphite,46.86,1.7
Bronze,Jungle,Rek'Sai,47.12,1.75
Bronze,Jungle,Vi,48.97,1.95
Bronze,Jungle,Sett,47.45,2.15
Bronze,Jungle,Dr. Mundo,49.13,2.2
Bronze,Jungle,Hecarim,49.23,2.32
Bronze,Jungle,Fiddlesticks,49.66,2.49
Bronze,Jungle,Wukong,48.74,3.37
Bronze,Jungle,Nidalee,47.35,3.39
Bronze,Jungle,Shaco,,3.59
Bronze,Jungle,,46.92,4.11
Bronze,Jungle,Elise,49.54,4.14
Bronze,Jungle,Jarvan IV,48.43,4.38
Bronze,Jungle,Nocturne,47.35,4.72
Bronze,Jungle,Xin Zhao,48.53,4.95
Bronze,Jungle,Rammus,50.77,
Bronze,Jungle,Shyvana,51.27,5.05
Bronze,Jungle,Olaf,47.63,5.07
Bronze,Jungle,Nunu,44.67,5.16
Bronze,Jungle,Trundle,50.48,5.17
Bronze,Jungle,Jax,48.67,5.82
Bronze,Jungle,Volibear,44.71,6.07
Bronze,Jungle,Zac,50.09,6.72
Bronze,Jungle,Warwick,50.26,7.3
Bronze,Jungle,Amumu,49.62,7.63
Bronze,Jungle,Graves,50.64,9.35
Bronze,Jungle,Ekko,48.91,9.8
Bronze,Jungle,Kayn,49.1,11.72
Bronze,Jungle,Lee Sin,47.11,15.92
Bronze,Jungle,Master Yi,48.29,17.71
Bronze,Jungle,Evelynn,46.86,4.61
Bronze,Mid,Vi,44.06,0.06
Bronze,Mid,urgot,51.38,0.06
Bronze,Mid,Taric,60.82,0.06
Bronze,Mid,Sion,44.83,0.07
Bronze,Mid,Gragas,47.01,0.07
Bronze,Mid,Singed,47.69,0.08
Bronze,Mid,Gangplank,40.0,0.09
Bronze,Mid,Nidalee,40.52,0.09
Bronze,Mid,Shen,50.34,0.09
Bronze,Mid,Taliyah,51.0,0.1
Bronze,Mid,Kog'Maw,51.08,0.1
Bronze,Mid,Dr. Mundo,48.7,0.11
Bronze,Mid,Poppy,44.64,0.12
Bronze,Mid,Karthus,45.36,0.14
Bronze,Mid,Fiddlesticks,52.74,0.14
Bronze,,Lulu,49.23,0.15
Bronze,Mid,Graves,56.38,0.16
Bronze,Mid,illaoi,52.48,0.17
Bronze,Mid,Nunu,24.64,0.19
Bronze,Mid,Tryndamere,48.82,0.19
Bronze,Mid,Xin Zhao,47.86,0.21
Bronze,Mid,Zyra,47.64,0.22
Bronze,Mid,Jhin,51.0,0.22
Bronze,Mid,Fiora,48.37,0.24
Bronze,Mid,Karma,46.33,0.28
Bronze,Mid,Vayne,50.96,0.28
Bronze,Mid,Camille,53.54,0.29
Bronze,Mid,Kayle,49.85,0.3
Bronze,Mid,Kled,52.79,0.3
Bronze,Mid,Nasus,48.85,0.32
Bronze,Mid,Quinn,51.3,0.32
Bronze,Mid,Kalista,45.63,0.34
Bronze,Mid,Swain,48.99,0.35
Bronze,Mid,Riven,48.06,0.36
Bronze,Mid,Zilean,51.74,0.38
Bronze,Mid,Darius,49.85,0.39
Bronze,Mid,Kayn,46.6,0.4
Bronze,Mid,Wukong,47.92,0.41
Bronze,Mid,Master Yi,49.41,0.43
Bronze,Mid,Volibear,39.69,0.44
Bronze,Mid,Teemo,49.48,0.46
Bronze,Mid,Cho'Gath,49.83,0.6
Bronze,Mid,Vel'Koz,48.36,0.62
Bronze,Mid,Aurelion Sol,48.79,0.62
Bronze,Mid,Tristana,49.62,0.63
Bronze,Mid,Heimerdinger,46.82,0.65
Bronze,Mid,Viktor,51.45,0.72
Bronze,Mid,Brand,47.88,0.75
,Mid,Lissandra,49.38,0.75
Bronze,Mid,Rumble,50.0,0.82
Bronze,Mid,Jayce,49.36,0.86
Bronze,Mid,Anivia,46.72,0.88
Bronze,Mid,Ziggs,48.42,0.89
Bronze,Mid,Sett,47.02,0.92
Bronze,Mid,Azir,45.93,
Bronze,Mid,Morgana,49.52,0.99
Bronze,Mid,Ezreal,47.56,1.32
Bronze,Mid,Mordekaiser,48.81,1.32
Bronze,Mid,Aatrox,47.51,1.33
Bronze,Mid,Corki,48.07,1.38
Bronze,Mid,Neeko,48.14,1.39
Bronze,Mid,Qiyana,44.96,1.44
Bronze,Mid,Ornn,47.53,1.55
Bronze,Mid,Malzahar,50.88,1.63
Bronze,Mid,Annie,51.2,1.64
Bronze,Mid,Xerath,49.92,2.1
Bronze,Mid,Orianna,49.07,2.18
Bronze,Mid,Garen,51.79,2.18
Bronze,Mid,Ryze,46.73,2.21
Bronze,Mid,Malphite,49.93,2.27
,Mid,Renekton,47.51,2.34
Bronze,Mid,Lucian,47.51,2.36
Bronze,Mid,Cassiopeia,48.98,2.66
Bronze,Mid,Veigar,48.88,2.69
Bronze,Mid,Pyke,49.71,3.07
Bronze,Mid,Zoe,45.94,3.13
Bronze,Mid,Lux,49.89,3.24
Bronze,Mid,Nocturne,49.68,3.3
Bronze,Mid,Kassadin,48.26,3.32
Bronze,Mid,Syndra,49.03,4.42
Bronze,Mid,Ekko,49.63,4.47
Bronze,Mid,Twisted Fate,47.3,4.71
Bronze,Mid,Galio,49.5,4.87
Bronze,Mid,Vladimir,48.74,
Bronze,Mid,Diana,48.16,5.98
Bronze,Mid,Fizz,49.89,6.1
Bronze,Mid,Katarina,49.01,6.38
Bronze,Mid,Irelia,46.61,6.4
Bronze,Mid,Pantheon,45.78,7.08
Bronze,Mid,Akali,43.8,7.31
Bronze,Mid,LeBlanc,47.38,8.16
Bronze,Mid,Talon,47.03,8.68
Bronze,Mid,Ahri,47.94,8.85
Bronze,Mid,Sylas,47.02,10.09
Bronze,Mid,Zed,48.53,10.21
Bronze,Mid,Yasuo,51.47,17.02
Bronze,Bottom,Azir,39.22,0.03
Bronze,Bottom,Tahm Kench,35.9,0.04
Bronze,Bottom,Viktor,54.68,0.04
Bronze,Bottom,Singed,22.6,0.05
Bronze,Bottom,Rengar,52.13,0.06
Bronze,Bottom,Anivia,24.7,0.07
Bronze,Bottom,Jayce,41.82,0.07
Bronze,Bottom,Kayle,45.63,0.07
Bronze,Bottom,Vel'Koz,44.24,0.09
Bronze,Bottom,Taliyah,46.76,0.09
Bronze,Bottom,Neeko,43.18,0.13
Bronze,Bottom,Quinn,46.41,0.13
Bronze,Bottom,Kindred,46.57,0.15
Bronze,Bottom,Twisted Fate,41.62,0.17
Bronze,Bottom,Corki,47.38,0.2
Bronze,Bottom,,37.59,0.26
Bronze,Bottom,Veigar,45.91,0.28
Bronze,Bottom,Zed,47.71,0.28
Bronze,Bottom,,42.53,0.3
Bronze,Bottom,Senna,44.21,0.32
Bronze,Bottom,Swain,51.7,0.37
Bronze,Bottom,Heimerdinger,47.6,0.43
Bronze,Bottom,Ziggs,48.44,0.54
Bronze,Bottom,syndra,45.89,0.56
Bronze,Bottom,Cassiopeia,51.2,0.78
Bronze,Bottom,Kog'Maw,50.84,0.86
Bronze,Bottom,Twitch,49.5,1.23
Bronze,Bottom,Draven,48.64,1.29
Bronze,Bottom,Xayah,47.74,2.52
Bronze,Bottom,Sivir,50.56,3.19
Bronze,Bottom,Yasuo,51.6,4.09
Bronze,Bottom,Tristana,48.32,4.12
Bronze,Bottom,Kalista,46.77,4.53
Bronze,Bottom,Jhin,50.1,5.99
Bronze,Bottom,Aphelios,49.03,7.51
Bronze,Bottom,Jinx,50.18,8.41
Bronze,Bottom,Vayne,49.65,10.39
Bronze,Bottom,Lucian,46.19,10.67
Bronze,Bottom,Varus,49.13,13.64
Bronze,Bottom,Kai'Sa,47.39,15.86
Bronze,Bottom,Miss Fortune,47.41,18.38
Bronze,Bottom,Caitlyn,48.63,18.78
Bronze,Bottom,Ashe,49.27,20.84
Bronze,Bottom,Ezreal,,37.83
Bronze,Supporter,Gangplank,42.24,0.03
Bronze,Supporter,Gnar,42.86,0.03
Bronze,Supporter,Sejuani,46.79,0.03
Bronze,Supporter,Viktor,47.69,0.04
Bronze,Supporter,Rengar,45.95,0.05
Bronze,Supporter,Camille,48.47,0.05
Bronze,Supporter,,46.33,0.06
Bronze,Supporter,Ivern,39.15,0.07
Bronze,Supporter,Lissandra,44.58,0.07
Bronze,Supporter,Orianna,44.62,0.07
Bronze,Supporter,,40.78,0.08
Bronze,Supporter,Kayle,41.61,0.09
Bronze,Supporter,Malzahar,43.99,0.09
Bronze,Supporter,Kennen,45.56,0.1
Bronze,Supporter,Singed,44.52,0.12
Bronze,Supporter,Rumble,48.39,0.12
Bronze,Supporter,Sion,45.68,0.13
Bronze,Supporter,Wukong,45.97,0.13
Bronze,Supporter,Dr. Mundo,38.59,0.14
Bronze,Supporter,Jarvan IV,48.24,0.14
Bronze,Supporter,Twisted Fate,41.33,0.15
Bronze,Supporter,Nidalee,47.26,0.16
Bronze,Supporter,Trundle,39.37,0.18
Bronze,Supporter,Amumu,42.63,0.19
Bronze,Supporter,,44.34,0.2
Bronze,Supporter,Cho'Gath,45.38,0.2
Bronze,Supporter,Heimerdinger,42.35,0.21
Bronze,Supporter,Zoe,46.77,0.23
Bronze,Supporter,Syndra,38.34,0.27
Bronze,Supporter,Varus,42.23,0.28
Bronze,Supporter,Anivia,36.81,0.31
Bronze,Supporter,Ahri,49.91,0.32
Bronze,Supporter,LeBlanc,48.13,0.37
Bronze,Supporter,Nunu,33.76,0.41
Bronze,Supporter,Ziggs,,0.44
Bronze,Supporter,Poppy,46.41,0.49
Bronze,Supporter,Ornn,45.75,0.52
Bronze,Supporter,Annie,46.21,0.52
Bronze,Supporter,Tahm Kench,46.35,0.56
Bronze,Supporter,Zac,50.99,0.66
Bronze,Supporter,Fiddlesticks,48.19,0.74
Bronze,Supporter,Ashe,42.66,0.98
Bronze,Supporter,Teemo,47.32,0.98
Bronze,Supporter,Shen,48.15,0.99
Bronze,Supporter,Volibear,39.97,1.12
Bronze,Supporter,Pantheon,45.86,1.22
Bronze,Supporter,Miss Fortune,43.9,1.37
Bronze,Supporter,Neeko,45.69,1.5
Bronze,Supporter,Taric,49.2,1.59
Bronze,Supporter,Shaco,51.93,1.68
Bronze,Supporter,Braum,48.79,1.74
Bronze,Supporter,Janna,48.9,1.74
Bronze,Supporter,Vel'Koz,49.89,1.8
Bronze,Supporter,Bard,49.72,1.81
Bronze,Supporter,Rakan,48.5,1.98
Bronze,Supporter,Zilean,50.76,2.03
Bronze,Supporter,Veigar,47.35,2.06
Bronze,Supporter,Zyra,49.49,2.07
Bronze,Supporter,Maokai,50.91,2.46
Bronze,Supporter,Nami,49.97,2.47
Bronze,Supporter,Galio,49.89,2.57
Bronze,Supporter,Karma,48.22,2.63
Bronze,Supporter,Swain,51.49,3.17
Bronze,Supporter,Brand,50.72,3.41
Bronze,Supporter,Sett,46.76,3.62
Bronze,Supporter,Lulu,47.79,3.62
Bronze,Supporter,Sona,49.4,3.7
Bronze,Supporter,Alistar,50.1,3.8
Bronze,Supporter,Xerath,49.53,4.82
Bronze,Supporter,Soraka,48.3,5.1
Bronze,Supporter,Malphite,48.27,6.66
Bronze,Supporter,Senna,47.37,7.5
Bronze,Supporter,Nautilus,48.78,10.61
Bronze,Supporter,Morgana,47.75,11.34
Bronze,Supporter,Leona,50.39,11.87
Bronze,Supporter,Thresh,46.99,12.05
Bronze,Supporter,Pyke,47.38,12.46
Bronze,Supporter,Lux,47.88,14.68
Bronze,Supporter,Yuumi,46.74,15.32
Bronze,Supporter,Blitzcrank,50.1,16.17
Silver,Top,Qiyana,,0.04
Silver,Top,Azir,45.58,0.04
Silver,Top,Karthus,45.92,0.04
Silver,Top,Anivia,49.24,0.04
Silver,Top,Corki,49.25,0.06
Silver,Top,Zilean,51.8,0.06
Silver,Top,Skarner,48.91,0.07
Silver,Top,Nidalee,42.44,0.08
Silver,Top,Twisted Fate,47.78,0.1
Silver,Top,Viktor,49.41,0.11
Silver,Top,Gragas,46.5,0.12
Silver,Top,Annie,51.39,0.12
Silver,Top,Lissandra,49.38,0.13
Silver,Top,Rammus,51.36,0.15
Silver,Top,Kassadin,48.16,0.17
Silver,Top,Soraka,49.79,0.17
Silver,Top,Tristana,47.53,0.19
Silver,Top,Diana,50.13,0.19
Silver,Top,Udyr,45.17,0.2
Silver,Top,Veigar,51.03,0.2
Silver,Top,Xin Zhao,48.14,0.21
Silver,Top,Galio,49.73,0.21
Silver,Top,Malzahar,50.98,0.21
Silver,Top,Graves,51.06,0.21
Silver,Top,Shaco,50.71,0.23
Silver,Top,Karma,50.26,0.29
Silver,Top,Neeko,51.51,0.29
Silver,Top,,47.45,0.31
Silver,Top,Warwick,49.59,0.31
Silver,Top,Swain,50.9,0.34
Silver,Top,Nocturne,53.95,0.38
Silver,Top,Shyvana,52.57,0.42
Silver,Top,Hecarim,49.58,0.44
Silver,Top,Master Yi,49.71,0.47
Silver,Top,Zac,53.13,0.51
Silver,Top,Cassiopeia,51.7,0.52
Silver,Top,Rumble,49.35,0.73
Silver,Top,Tahm Kench,50.01,0.73
Silver,Top,Heimerdinger,50.87,0.77
Silver,Top,Pantheon,47.26,0.84
Silver,Top,Ryze,47.56,0.86
Silver,Top,Rengar,52.2,0.9
Silver,Top,Kayn,51.14,0.91
Silver,Top,Trundle,50.59,0.92
Silver,Top,Lucian,47.59,0.94
Silver,Top,Fiddlesticks,52.92,0.94
Silver,Top,Kennen,48.91,1.08
Silver,Top,Olaf,50.46,1.14
Silver,Top,Jayce,47.93,1.54
Silver,Top,Sylas,47.72,1.69
Silver,Top,Sion,52.84,1.7
,Top,Akali,46.42,1.81
Silver,Top,Kled,52.05,1.83
Silver,Top,Singed,54.09,1.86
Silver,Top,Camille,49.05,2.06
Silver,Top,Cho'Gath,49.56,2.2
Silver,Top,Poppy,49.57,2.2
Silver,Top,Gangplank,46.68,2.35
Silver,Top,Vladimir,47.45,2.41
Silver,Top,Quinn,52.25,2.41
Silver,Top,Kayle,51.46,2.67
Silver,Top,Yasuo,50.74,2.69
Silver,Top,Gnar,49.83,2.82
Silver,Top,Vayne,50.23,2.84
Silver,Top,Wukong,52.55,2.89
Silver,Top,Dr. Mundo,53.13,2.89
Silver,Top,Riven,48.74,2.95
Silver,Top,Yorick,53.5,3.22
Silver,Top,Maokai,52.14,3.47
Silver,Top,Illaoi,52.14,4.45
Silver,Top,Aatrox,,4.92
Silver,Top,Shen,51.91,5.02
Silver,Top,Irelia,47.19,5.04
Silver,Top,Ornn,51.27,5.06
Silver,Top,Malphite,52.22,5.44
Silver,Top,Tryndamere,50.91,5.63
Silver,Top,Jax,50.83,6.26
Silver,Top,Urgot,54.35,6.37
Silver,Top,Fiora,51.28,6.79
Silver,Top,Volibear,44.15,6.93
Silver,Top,Teemo,52.84,7.37
Silver,Top,Sett,51.54,7.42
Silver,Top,Renekton,49.48,8.06
Silver,Top,Nasus,53.61,8.48
Silver,Top,Mordekaiser,51.53,9.58
Silver,Top,Darius,50.91,10.91
Silver,Top,Garen,53.41,13.77
Silver,Jungle,Yorick,44.51,0.05
Silver,Jungle,Kled,45.95,0.05
Silver,Jungle,Sion,48.33,0.07
Silver,Jungle,Tahm Kench,44.49,0.08
Silver,Jungle,Singed,42.54,0.09
Silver,Jungle,Urgot,49.39,0.11
Silver,Jungle,Qiyana,41.47,0.12
Silver,Jungle,Brand,50.52,0.13
Silver,Jungle,Quinn,44.76,0.14
Silver,Jungle,Twisted Fate,42.11,0.17
Silver,Jungle,Rumble,46.76,0.17
Silver,Jungle,Riven,41.89,0.22
Silver,Jungle,Morgana,49.97,0.25
Silver,Jungle,Cho'Gath,49.62,0.27
Silver,Jungle,Skarner,51.28,0.27
Silver,Jungle,Maokai,49.53,0.32
Silver,Jungle,Nasus,44.45,0.33
Silver,Jungle,Mordekaiser,46.19,0.37
Silver,Jungle,Taliyah,48.68,0.38
Silver,Jungle,Aatrox,44.06,0.41
Silver,Jungle,Garen,45.37,0.45
Silver,Jungle,Shen,48.71,0.45
Silver,Jungle,Camille,47.68,0.46
Silver,Jungle,Ivern,50.75,0.49
Silver,Jungle,Tryndamere,46.7,0.5
Silver,Jungle,Twitch,45.51,0.51
Silver,Jungle,Teemo,48.45,0.57
Silver,Jungle,Diana,48.49,0.57
Silver,Jungle,Rengar,47.14,0.7
Silver,Jungle,Malphite,45.94,1.13
Silver,Jungle,Pantheon,47.54,1.18
Silver,Jungle,Karthus,48.65,1.44
Silver,Jungle,Udyr,52.55,1.44
Silver,Jungle,Poppy,52.57,1.52
Silver,Jungle,Sett,50.69,1.56
Silver,Jungle,Gragas,47.31,1.89
Silver,Jungle,Sejuani,50.56,1.89
Silver,Jungle,Dr. Mundo,52.67,1.92
Silver,Jungle,Kha'Zix,49.34,1.95
Silver,Jungle,Kindred,50.96,2.27
Silver,Jungle,Vi,51.43,2.45
Silver,Jungle,Rek'Sai,50.38,2.59
Silver,Jungle,Hecarim,50.79,2.99
Silver,Jungle,Wukong,52.19,3.05
Silver,Jungle,Fiddlesticks,52.21,3.17
Silver,Jungle,Nunu,49.7,3.27
,Jungle,Shaco,51.69,3.55
Silver,Jungle,Nocturne,49.84,3.74
Silver,Jungle,Olaf,51.2,3.87
Silver,Jungle,Jax,50.86,3.97
Silver,Jungle,Xin Zhao,50.94,4.13
Silver,Jungle,Rammus,52.51,4.33
Silver,Jungle,Warwick,52.99,4.4
Silver,Jungle,Evelynn,49.37,4.49
Silver,Jungle,Nidalee,48.61,4.63
Silver,Jungle,Sylas,48.89,4.66
Silver,Jungle,Volibear,46.13,4.75
Silver,Jungle,Amumu,51.33,5.52
Silver,Jungle,Elise,51.6,6.38
Silver,Jungle,Trundle,53.03,6.39
Silver,Jungle,Shyvana,53.72,6.43
Silver,Jungle,Jarvan IV,50.42,6.49
Silver,Jungle,Zac,52.34,10.74
Silver,Jungle,Graves,50.69,11.01
Silver,Jungle,Master Yi,50.88,11.06
Silver,Jungle,Kayn,51.58,11.15
Silver,Jungle,Ekko,51.62,11.34
Silver,Jungle,Lee Sin,49.44,20.03
Silver,,Gnar,50.0,0.03
Silver,Mid,Draven,50.47,0.04
Silver,Mid,Singed,50.17,0.05
Silver,Mid,Taric,59.91,0.05
Silver,Mid,Vi,51.33,0.06
Silver,Mid,Sion,46.9,0.07
Silver,Mid,Urgot,51.91,0.09
Silver,Mid,Gangplank,45.43,0.11
Silver,Mid,Gragas,48.59,0.11
Silver,Mid,Taliyah,50.63,0.11
Silver,Mid,Poppy,51.74,0.12
Silver,Mid,Illaoi,55.73,0.13
Silver,Mid,Karthus,45.89,0.14
Silver,Mid,Kog'Maw,48.4,0.14
Silver,Mid,Xin Zhao,51.18,0.15
,Mid,Nunu,29.52,0.16
Silver,Mid,Kennen,50.64,0.16
Silver,Mid,Fiddlesticks,51.53,0.16
Silver,Mid,Zyra,51.89,0.21
Silver,Mid,Jhin,49.44,0.22
Silver,Mid,Lulu,50.88,0.23
Silver,Mid,Tryndamere,52.64,0.25
Silver,Mid,Fiora,52.76,0.26
Silver,Mid,Teemo,48.58,0.27
Silver,Mid,Kayle,51.0,
Silver,Mid,Nasus,50.85,0.29
Silver,Mid,Volibear,39.27,0.3
Silver,Mid,Darius,51.93,0.3
Silver,Mid,Kayn,52.14,0.35
Silver,Mid,Riven,51.64,0.36
Silver,Mid,Quinn,53.44,0.36
Silver,Mid,Kalista,51.11,0.37
Silver,Mid,Master Yi,53.77,0.4
Silver,Mid,Kled,54.62,0.41
Silver,Mid,Karma,50.27,0.42
Silver,Mid,Swain,51.52,0.42
Silver,Mid,Camille,,0.42
Silver,Mid,Wukong,52.91,0.43
Silver,Mid,Heimerdinger,50.56,0.55
Silver,Mid,Tristana,50.56,0.56
Silver,Mid,Zilean,52.81,0.57
Silver,Mid,Brand,48.36,0.6
Silver,Mid,Aurelion Sol,52.27,0.63
Silver,Mid,Sett,51.89,0.64
Silver,Mid,Cho'Gath,51.73,0.68
Silver,Mid,Vel'Koz,50.62,0.72
Silver,Mid,Morgana,51.76,0.93
Silver,Mid,Ziggs,50.08,0.99
Silver,Mid,Ornn,50.76,1.04
Silver,Mid,Mordekaiser,52.31,1.08
Silver,Mid,Neeko,52.15,1.13
Silver,Mid,Jayce,50.7,1.16
Silver,Mid,Anivia,51.78,1.18
Silver,Mid,Aatrox,50.76,1.23
Silver,Mid,Azir,46.45,1.28
Silver,Mid,Ezreal,48.53,1.31
Silver,Mid,Viktor,50.83,1.32
Silver,Mid,Lissandra,49.32,1.35
Silver,Mid,Rumble,51.73,1.36
Silver,Mid,Pyke,53.86,1.4
Silver,Mid,Qiyana,47.78,1.51
Silver,Mid,Garen,54.12,
Silver,Mid,Annie,53.08,1.65
Silver,Mid,Renekton,51.48,1.83
Silver,Mid,Malphite,50.68,2.1
Silver,Mid,Veigar,51.23,2.17
Silver,Mid,Corki,49.25,2.23
Silver,Mid,Ryze,47.73,2.26
Silver,Mid,Xerath,50.77,2.4
Silver,Mid,Malzahar,52.16,2.64
Silver,Mid,Nocturne,53.25,2.72
Silver,Mid,Lux,51.64,2.84
Silver,Mid,Lucian,48.25,3.15
Silver,Mid,Zoe,49.17,3.49
Silver,Mid,Orianna,50.79,3.54
Silver,Mid,Cassiopeia,51.18,3.67
Silver,Mid,Kassadin,50.15,4.64
Silver,Mid,Galio,51.72,5.14
Silver,Mid,Pantheon,50.15,5.33
Silver,Mid,Vladimir,50.78,5.42
Silver,Mid,Syndra,49.93,5.66
Silver,Mid,Diana,51.68,5.69
Silver,Mid,Akali,46.72,5.71
Silver,Mid,Talon,51.06,5.89
Silver,Mid,Katarina,51.61,6.14
Silver,Mid,Fizz,52.31,6.99
Silver,Mid,Irelia,48.06,7.02
Silver,Mid,Twisted Fate,50.29,7.72
Silver,Mid,Ahri,51.74,8.13
Silver,Mid,Zed,50.83,9.64
Silver,Mid,LeBlanc,48.76,9.69
Silver,Mid,Sylas,49.83,10.23
Silver,Mid,Yasuo,52.92,
Silver,Mid,Ekko,52.18,14.06
Silver,Bottom,Tahm Kench,49.29,0.05
Silver,Bottom,Annie,52.22,0.05
Silver,Bottom,Neeko,45.38,0.06
Silver,Bottom,Viktor,48.2,0.07
Silver,Bottom,Quinn,50.3,0.08
Silver,Bottom,Taliyah,53.08,0.08
Silver,Bottom,Corki,48.86,0.16
Silver,Bottom,Kindred,50.85,0.16
Silver,Bottom,Veigar,51.03,0.16
Silver,Bottom,Zed,51.74,0.23
Silver,Bottom,Senna,45.32,0.26
Silver,Bottom,Heimerdinger,51.72,0.27
Silver,,Syndra,49.75,0.48
Silver,Bottom,Swain,52.99,0.48
Silver,Bottom,Ziggs,50.77,0.56
Silver,Bottom,Cassiopeia,52.69,0.84
Silver,Bottom,Kog'Maw,51.82,1.22
Silver,Bottom,Twitch,51.36,1.32
Silver,Bottom,Draven,50.99,1.69
Silver,Bottom,Yasuo,54.74,2.59
Silver,Bottom,Xayah,50.09,2.62
Silver,Bottom,Tristana,49.97,3.56
Silver,Bottom,Sivir,52.15,3.72
Silver,Bottom,Kalista,49.53,4.91
Silver,Bottom,Jhin,51.7,7.35
Silver,Bottom,Aphelios,50.33,8.39
Silver,Bottom,Jinx,51.59,9.09
Silver,Bottom,Miss Fortune,50.09,11.05
Silver,Bottom,Lucian,48.05,11.62
Silver,Bottom,Vayne,51.1,12.39
Silver,Bottom,Varus,51.05,12.82
Silver,Bottom,Ashe,52.26,16.74
Silver,Bottom,Caitlyn,50.9,17.76
Silver,Bottom,Kai'Sa,48.64,18.93
Silver,Bottom,Ezreal,50.52,44.9
Silver,Supporter,Viktor,43.23,0.03
Silver,Supporter,Ivern,36.85,0.04
Silver,Supporter,Karthus,44.84,0.04
Silver,Supporter,Rengar,45.93,0.06
Silver,Supporter,Camille,,0.07
Silver,Supporter,Taliyah,51.9,0.07
Silver,Supporter,Singed,40.67,0.08
Silver,Supporter,Malzahar,44.94,0.1
Silver,Supporter,Kennen,46.18,0.1
Silver,Supporter,Lissandra,47.43,0.1
Silver,,Nidalee,42.38,0.11
Silver,Supporter,Sion,50.28,0.13
Silver,Supporter,Rumble,46.69,0.15
Silver,Supporter,Cho'Gath,46.69,0.15
Silver,Supporter,Jarvan IV,45.85,0.19
Silver,Supporter,Heimerdinger,47.68,0.19
Silver,Supporter,Ahri,49.5,0.19
Silver,Supporter,Trundle,42.16,0.21
Silver,Supporter,Syndra,47.25,0.23
Silver,Supporter,Zoe,47.46,0.23
Silver,Supporter,Gragas,47.65,0.26
Silver,Supporter,Anivia,43.2,0.27
Silver,Supporter,Varus,47.12,0.31
Silver,Supporter,Ornn,46.32,0.32
Silver,Supporter,Nunu,35.26,0.33
Silver,Supporter,Ziggs,49.21,0.4
Silver,Supporter,LeBlanc,46.7,0.43
Silver,Supporter,Annie,49.97,0.51
Silver,Supporter,Poppy,49.38,0.56
Silver,Supporter,Tahm Kench,46.2,0.59
Silver,Supporter,Ashe,46.35,0.73
Silver,Supporter,Volibear,39.93,0.8
Silver,Supporter,Zac,50.43,0.8
Silver,Supporter,Teemo,46.6,0.82
Silver,Supporter,Fiddlesticks,50.8,0.92
Silver,Supporter,Shen,49.57,1.08
Silver,Supporter,Neeko,50.99,1.08
Silver,Supporter,Pantheon,49.98,1.1
Silver,Supporter,Miss Fortune,45.47,1.29
Silver,Supporter,Veigar,49.99,1.39
Silver,Supporter,Taric,52.34,1.58
Silver,Supporter,Shaco,53.24,1.98
Silver,Supporter,Rakan,50.83,2.05
Silver,Supporter,Galio,51.79,2.27
Silver,Supporter,Vel'Koz,51.65,2.31
Silver,Supporter,Braum,49.82,2.39
Silver,Supporter,Maokai,52.73,2.48
Silver,Supporter,Janna,52.37,2.53
Silver,Supporter,Zyra,52.19,2.84
Silver,Supporter,Bard,51.63,2.86
Silver,Supporter,Sona,52.89,
Silver,Supporter,Zilean,52.4,3.22
Silver,Supporter,Nami,51.56,3.29
Silver,Supporter,Sett,49.24,3.44
Silver,Supporter,Brand,52.34,3.55
Silver,Supporter,Swain,52.41,4.09
Silver,Supporter,Malphite,49.67,4.13
Silver,Supporter,Karma,50.34,4.38
Silver,Supporter,Alistar,51.31,4.46
Silver,Supporter,Lulu,51.0,5.4
Silver,Supporter,Soraka,51.37,5.91
Silver,Supporter,Xerath,51.15,5.96
Silver,Supporter,Pyke,50.36,8.34
Silver,Supporter,Senna,50.42,9.8
Silver,Supporter,Morgana,50.15,9.96
Silver,Supporter,Lux,51.47,10.12
Silver,Supporter,Nautilus,50.55,10.94
Silver,Supporter,Leona,52.15,11.85
Silver,Supporter,Blitzcrank,52.6,13.89
Silver,Supporter,Yuumi,50.65,14.62
Silver,Supporter,Thresh,49.97,
Gold,Top,Kog'Maw,47.67,0.03
Gold,Top,Sejuani,49.07,0.06
Gold,Top,Nunu,23.9,0.07
Gold,Top,Karthus,49.73,0.07
Gold,Top,Skarner,51.71,0.08
Gold,,Gragas,48.69,0.09
Gold,Top,Kha'Zix,47.15,0.1
Gold,Top,Corki,48.75,0.1
Gold,Top,Draven,52.4,0.1
Gold,Top,Annie,54.07,0.1
Gold,Top,Udyr,42.88,0.11
Gold,Top,Amumu,48.83,0.11
Gold,Top,Xin Zhao,49.96,0.12
Gold,Top,Diana,46.81,0.14
Gold,Top,Fizz,49.02,0.15
Gold,Top,Veigar,50.15,0.15
Gold,Top,Zilean,54.88,0.15
Gold,Top,Nidalee,44.19,0.16
Gold,Top,Tristana,48.78,0.16
Gold,Top,Soraka,50.9,0.16
Gold,Top,Lissandra,48.96,0.17
Gold,Top,Lulu,50.57,0.18
Gold,Top,Viktor,50.44,0.24
Gold,Top,Swain,50.65,0.25
Gold,Top,Malzahar,51.61,0.25
Gold,Top,Neeko,51.36,0.28
Gold,Top,Shaco,51.37,0.28
Gold,Top,Rammus,49.95,0.3
Gold,Top,Kassadin,48.9,0.37
Gold,Top,Nocturne,53.21,0.41
Gold,Top,Master Yi,50.11,0.43
Gold,Top,Warwick,50.4,0.44
Gold,Top,Tahm Kench,50.95,0.53
Gold,Top,Karma,49.5,0.59
Gold,Top,Trundle,49.26,0.61
Gold,Top,Sion,52.54,0.62
Gold,Top,Kalista,47.83,0.73
Gold,Top,Cassiopeia,52.26,0.76
Gold,Top,Shyvana,52.91,0.8
Gold,Top,Rumble,49.02,0.82
Gold,Top,Pantheon,50.23,0.83
Gold,Top,Ryze,47.7,0.86
Gold,Top,Cho'Gath,50.43,0.87
,Top,Olaf,51.86,0.97
Gold,Top,Heimerdinger,52.32,1.13
Gold,Top,Kayn,51.23,1.42
Gold,Top,Hecarim,51.4,1.43
Gold,Top,Kennen,49.79,1.44
Gold,Top,Gnar,50.27,1.46
Gold,Top,Dr. Mundo,50.75,1.5
Gold,Top,Zac,52.53,1.62
Gold,Top,Urgot,50.89,1.68
Gold,Top,Tryndamere,50.99,1.78
Gold,Top,Singed,52.93,1.81
Gold,Top,Yasuo,48.29,1.9
Gold,Top,Yorick,51.98,1.94
Gold,Top,Kled,52.86,2.01
Gold,Top,Rengar,52.32,2.04
Gold,Top,Kayle,52.33,2.3
Gold,Top,Lucian,47.49,2.38
Gold,Top,Quinn,53.17,2.6
Gold,Top,Camille,50.38,2.62
Gold,Top,illaoi,51.91,2.73
Gold,Top,Riven,49.73,2.75
Gold,Top,Gangplank,48.78,2.98
Gold,Top,Nasus,52.79,3.16
Gold,Top,Fiddlesticks,52.69,3.29
Gold,Top,Akali,47.07,3.39
Gold,Top,Shen,52.5,3.47
Gold,Top,Vayne,50.94,3.5
Gold,Top,Vladimir,49.39,3.54
Gold,Top,Poppy,51.58,3.61
Gold,Top,Sylas,48.71,3.71
Gold,Top,Jayce,48.84,3.77
Gold,Top,Wukong,51.43,4.32
Gold,Top,Jax,50.88,4.71
Gold,Top,Malphite,51.27,4.98
Gold,Top,Teemo,50.97,5.08
Gold,Top,Maokai,52.28,5.48
Gold,Top,Sett,50.62,6.06
Gold,Top,Volibear,42.31,6.49
Gold,Top,Fiora,51.37,7.25
Gold,Top,Irelia,48.04,7.32
Gold,Top,Ornn,51.55,8.07
Gold,Top,Garen,52.69,8.54
Gold,Top,Mordekaiser,51.13,9.75
,Top,Aatrox,49.65,10.24
Gold,Top,Renekton,50.29,10.3
Gold,,Darius,51.79,10.57
Gold,Jungle,Tahm Kench,40.64,0.04
Gold,Jungle,Sion,47.08,0.05
Gold,Jungle,Singed,41.52,0.06
Gold,Jungle,Urgot,48.27,0.07
Gold,Jungle,Quinn,41.34,0.09
Gold,Jungle,Brand,48.28,0.09
Gold,Jungle,Qiyana,41.09,0.12
Gold,Jungle,Riven,41.46,0.13
Gold,Jungle,Rumble,43.53,0.13
Gold,Jungle,,45.05,0.16
Gold,Jungle,Cho'Gath,48.1,0.2
Gold,Jungle,Tryndamere,44.74,0.21
Gold,,Maokai,49.25,0.21
Gold,Jungle,Teemo,43.5,0.26
Gold,Jungle,Mordekaiser,45.32,0.26
Gold,Jungle,Skarner,51.36,0.3
Gold,Jungle,Shen,57.31,0.3
Gold,Jungle,Twitch,45.68,0.37
Gold,Jungle,Aatrox,45.39,0.38
Gold,Jungle,Diana,48.81,0.47
Gold,Jungle,Malphite,45.45,0.49
Gold,Jungle,Taliyah,49.27,0.51
Gold,Jungle,Camille,46.93,0.57
Gold,Jungle,Ivern,52.6,0.62
Gold,Jungle,Rengar,49.74,0.75
Gold,Jungle,Pantheon,47.6,0.97
Gold,Jungle,Udyr,51.66,1.13
Gold,Jungle,Sett,51.76,1.33
Gold,Jungle,Dr. Mundo,52.38,1.46
Gold,Jungle,Poppy,52.63,1.69
Gold,Jungle,Karthus,48.36,1.75
Gold,Jungle,Sejuani,50.27,2.05
Gold,Jungle,Kha'Zix,48.93,2.07
Gold,Jungle,Vi,51.48,2.17
Gold,Jungle,Gragas,47.82,2.39
Gold,Jungle,Jax,50.19,
Gold,Jungle,Wukong,52.85,2.68
Gold,Jungle,Nocturne,48.83,2.79
Gold,Jungle,Nunu,50.42,2.8
Gold,Jungle,Kindred,50.14,2.88
Gold,Jungle,Warwick,53.45,3.14
Gold,Jungle,Rammus,52.48,3.37
Gold,Jungle,Amumu,50.22,3.41
Gold,Jungle,Volibear,44.78,3.46
Gold,Jungle,Hecarim,50.95,3.48
Gold,Jungle,Olaf,51.16,3.52
Gold,Jungle,Xin Zhao,51.67,3.65
Gold,Jungle,Shaco,52.54,3.66
Gold,Jungle,Fiddlesticks,53.27,3.72
Gold,Jungle,Rek'Sai,51.25,4.04
Gold,Jungle,Evelynn,50.39,4.4
Gold,Jungle,Sylas,47.62,4.93
Gold,Jungle,Shyvana,53.01,6.69
Gold,Jungle,Master Yi,50.01,6.83
Gold,Jungle,Trundle,53.5,6.91
Gold,Jungle,Jarvan IV,50.68,7.96
Gold,Jungle,Elise,51.64,8.92
Gold,Jungle,Zac,51.88,10.22
Gold,Jungle,Kayn,51.6,11.15
Gold,Jungle,Nidalee,48.22,12.0
Gold,Jungle,Ekko,51.03,12.07
Gold,Jungle,Gragas,50.58,13.93
Gold,Jungle,Lee Sin,49.25,25.07
Gold,Mid,Gnar,51.35,0.03
Gold,Mid,Singed,49.34,0.05
Gold,Mid,Kha'Zix,53.79,0.05
Gold,Mid,Urgot,50.42,0.07
Gold,Mid,Sion,49.55,0.08
Gold,Mid,Xin Zhao,49.71,0.09
Gold,Mid,illaoi,51.87,0.09
Gold,Mid,Taric,60.83,0.1
Gold,Mid,Nunu,29.7,0.12
Gold,Mid,Gragas,47.52,0.12
Gold,Mid,Gangplank,46.98,0.13
Gold,Mid,Zyra,48.2,0.13
Gold,Mid,Poppy,50.62,0.14
Gold,Mid,Taliyah,53.34,0.14
Gold,Mid,Karthus,46.62,0.16
,Mid,Kennen,53.27,0.16
Gold,Mid,Kog'Maw,46.48,0.17
Gold,Mid,Jhin,50.75,0.18
Gold,Mid,Fiddlesticks,53.47,0.18
Gold,Mid,Teemo,48.74,0.19
Gold,Mid,Nasus,47.88,0.2
Gold,Mid,Fiora,52.05,0.23
Gold,Mid,Volibear,38.2,0.24
Gold,Mid,Kayle,50.46,0.24
Gold,Mid,Darius,52.64,0.25
Gold,Mid,Riven,50.84,0.29
Gold,Mid,Master Yi,51.89,0.3
Gold,Mid,Lulu,51.3,0.31
Gold,Mid,Tryndamere,51.97,0.31
Gold,Mid,Kalista,48.64,0.34
Gold,Mid,Swain,50.55,0.34
Gold,Mid,Kayn,50.56,0.34
Gold,Mid,Brand,49.71,0.37
Gold,Mid,Quinn,53.47,0.37
Gold,Mid,Wukong,53.46,0.38
Gold,Mid,Heimerdinger,52.11,0.39
Gold,Mid,Tristana,49.27,0.47
Gold,Mid,Karma,49.44,0.5
Gold,Mid,Kled,56.8,0.5
Gold,Mid,Camille,52.67,0.52
Gold,Mid,Sett,52.14,0.59
Gold,Mid,Cho'Gath,52.09,0.64
Gold,Mid,Morgana,52.2,0.7
Gold,Mid,Zilean,53.72,0.75
Gold,Mid,Aurelion Sol,53.04,0.75
Gold,Mid,Vel'Koz,51.2,0.77
Gold,Mid,Ornn,50.12,0.86
Gold,Mid,Mordekaiser,51.27,0.89
Gold,Mid,Ziggs,49.33,0.91
Gold,Mid,Neeko,50.93,0.92
Gold,Mid,Pyke,53.69,1.08
Gold,Mid,Jayce,49.31,1.31
,Mid,Aatrox,50.68,1.36
Gold,Mid,,53.43,1.37
Gold,Mid,Malphite,50.91,1.47
Gold,Mid,Veigar,50.91,1.47
Gold,Mid,Annie,53.3,1.49
Gold,Mid,Azir,45.79,1.54
Gold,Mid,Renekton,51.16,1.69
Gold,Mid,Anivia,52.03,1.7
Gold,Mid,Rumble,51.1,1.74
Gold,Mid,Viktor,49.75,1.79
Gold,Mid,Qiyana,48.66,1.85
Gold,Mid,Lissandra,49.9,1.92
Gold,Mid,Lux,51.03,2.06
Gold,Mid,Ryze,47.6,2.11
Gold,Mid,Xerath,50.41,2.15
Gold,Mid,Nocturne,54.03,2.52
Gold,Mid,Malzahar,51.6,2.68
Gold,Mid,Corki,49.38,3.03
Gold,Mid,Lucian,46.81,3.49
Gold,Mid,Zoe,49.1,4.22
Gold,Mid,Cassiopeia,51.78,4.32
Gold,Mid,Orianna,50.73,4.4
Gold,Mid,Ekko,51.74,4.68
Gold,Mid,Akali,46.14,4.94
Gold,Mid,Pantheon,51.65,5.1
Gold,Mid,Vladimir,50.25,5.25
Gold,Mid,Galio,52.03,5.29
Gold,Mid,Diana,51.5,5.34
Gold,Mid,Talon,51.44,5.39
Gold,Mid,Kassadin,50.42,5.59
Gold,Mid,Katarina,51.69,5.68
Gold,Mid,Syndra,49.41,6.28
Gold,Mid,Irelia,46.9,6.69
Gold,Mid,Ahri,52.06,6.82
Gold,Mid,Fizz,51.87,6.87
Gold,Mid,Zed,49.99,9.4
Gold,Mid,Sylas,49.56,10.12
Gold,Mid,LeBlanc,48.13,10.34
Gold,Mid,Twisted Fate,50.36,10.99
Gold,Mid,Yasuo,51.61,11.87
Gold,Bottom,Neeko,,0.05
Gold,Bottom,Viktor,45.68,0.08
Gold,Bottom,Tahm Kench,51.41,0.09
Gold,Bottom,Veigar,51.74,0.1
Gold,Bottom,Taliyah,50.26,0.12
Gold,Bottom,Kindred,49.88,0.14
Gold,Bottom,Corki,44.91,0.15
Gold,Bottom,Heimerdinger,49.7,0.2
Gold,Bottom,Maokai,55.79,0.25
Gold,Bottom,Zed,54.37,0.26
Gold,Bottom,Syndra,50.15,0.53
Gold,Bottom,Ziggs,51.89,0.54
Gold,Bottom,Swain,51.58,0.59
Gold,Bottom,Cassiopeia,52.26,0.9
Gold,Bottom,Twitch,51.46,1.24
Gold,Bottom,Kog'Maw,51.05,1.29
Gold,Bottom,Draven,50.74,1.97
Gold,Bottom,Yasuo,53.11,2.19
Gold,Bottom,Tristana,49.98,2.45
Gold,Bottom,Xayah,48.82,2.75
Gold,Bottom,Sivir,51.91,4.14
Gold,Bottom,Kalista,49.66,5.7
Gold,Bottom,Jinx,51.53,7.56
Gold,Bottom,Jhin,51.43,7.76
Gold,Bottom,Miss Fortune,50.33,7.96
,Bottom,Aphelios,49.41,11.66
Gold,Bottom,Varus,51.5,12.31
Gold,Bottom,Vayne,50.81,12.38
Gold,Bottom,Lucian,48.1,12.91
Gold,Bottom,Ashe,52.68,13.83
Gold,Bottom,Caitlyn,51.23,15.18
Gold,Bottom,Kai'Sa,48.09,21.89
Gold,Bottom,Ezreal,50.86,48.25
Gold,Supporter,Skarner,47.66,0.01
Gold,Supporter,Ivern,43.72,0.04
Gold,Supporter,Singed,43.62,0.06
Gold,Supporter,Malzahar,,0.07
Gold,,Rengar,54.85,0.07
Gold,Supporter,Rammus,38.12,0.08
Gold,Supporter,Amumu,47.68,0.08
Gold,Supporter,Lissandra,46.63,0.09
Gold,Supporter,Cho'Gath,45.47,0.1
Gold,Supporter,Kennen,49.64,0.1
Gold,Supporter,Taliyah,50.38,0.11
Gold,Supporter,Sion,46.11,0.12
Gold,Supporter,Heimerdinger,47.86,0.15
,Supporter,Rumble,45.44,0.19
Gold,Supporter,Syndra,47.09,0.19
Gold,Supporter,Ornn,44.55,0.21
Gold,Supporter,Trundle,46.16,0.21
Gold,Supporter,Jarvan IV,47.39,0.21
Gold,Supporter,Zoe,45.02,0.22
Gold,Supporter,Anivia,47.04,0.23
Gold,Supporter,Ziggs,48.41,0.25
Gold,Supporter,Gragas,49.89,0.31
Gold,Supporter,LeBlanc,46.35,0.37
Gold,Supporter,Annie,48.7,0.38
Gold,Supporter,Nunu,38.25,0.39
Gold,Supporter,Teemo,42.81,0.4
Gold,Supporter,,46.53,0.52
Gold,Supporter,Poppy,48.48,0.62
Gold,Supporter,Volibear,36.4,0.63
Gold,Supporter,Tahm Kench,47.03,0.64
Gold,Supporter,Neeko,50.48,
Gold,Supporter,,48.46,0.78
Gold,Supporter,Zac,52.05,0.78
Gold,Supporter,Miss Fortune,44.17,0.85
Gold,Supporter,Fiddlesticks,51.29,0.95
Gold,Supporter,Shen,48.31,0.96
Gold,Supporter,Pantheon,50.17,1.18
Gold,Supporter,Taric,52.44,1.59
Gold,Supporter,Galio,,1.78
Gold,Supporter,Malphite,47.72,2.01
Gold,Supporter,Rakan,50.52,2.09
Gold,Supporter,Shaco,52.39,2.09
Gold,Supporter,Vel'Koz,51.14,2.13
Gold,Supporter,Maokai,52.3,2.15
Gold,Supporter,Sona,53.28,2.21
Gold,Supporter,Braum,50.51,2.54
Gold,Supporter,Zyra,52.19,2.75
Gold,Supporter,Brand,51.64,2.84
Gold,Supporter,Janna,52.93,3.45
Gold,Supporter,Swain,51.19,3.58
Gold,Supporter,Nami,51.27,3.6
Gold,Supporter,Alistar,51.54,4.25
Gold,Supporter,Zilean,52.36,4.39
Gold,Supporter,Sett,48.52,4.48
Gold,Supporter,Bard,52.64,4.6
Gold,Supporter,Xerath,50.68,5.66
Gold,Supporter,Soraka,52.19,5.9
Gold,Supporter,Karma,50.65,6.58
Gold,Supporter,Lux,51.16,6.74
Gold,Supporter,Lulu,51.97,7.14
Gold,Supporter,Pyke,49.94,8.38
Gold,Supporter,Morgana,50.01,8.72
Gold,Supporter,Nautilus,50.52,9.92
Gold,Supporter,Leona,52.21,10.44
Gold,Supporter,Senna,50.71,12.46
Gold,Supporter,Blitzcrank,52.23,13.41
,Supporter,Yuumi,50.5,15.79
Gold,Supporter,Thresh,50.07,20.06
Platinum,Top,Brand,50.81,0.05
Platinum,Top,Karthus,47.72,0.06
Platinum,Top,Nunu,24.09,0.07
Platinum,Top,Sejuani,50.59,0.07
Platinum,Top,Annie,51.61,0.07
Platinum,Top,Anivia,51.72,0.07
Platinum,Top,Amumu,49.46,0.08
Platinum,Top,Draven,45.61,0.09
Platinum,Top,Corki,46.88,0.09
Platinum,Top,Udyr,44.52,0.1
Platinum,Top,Veigar,49.35,0.1
Platinum,Top,Xin Zhao,50.11,0.1
Platinum,Top,Tristana,45.68,0.11
Platinum,,Kha'Zix,50.89,0.11
Platinum,Top,Skarner,54.21,0.12
Platinum,Top,Gragas,48.64,0.14
Platinum,Top,Diana,53.28,0.14
Platinum,Top,Zilean,51.6,0.16
Platinum,Top,Soraka,52.06,0.16
Platinum,Top,Shaco,48.38,0.17
Platinum,Top,Swain,48.01,0.19
Platinum,Top,Viktor,49.74,0.21
Platinum,Top,Lissandra,51.27,0.21
Platinum,Top,Rammus,48.26,0.23
Platinum,Top,Neeko,51.3,0.24
Platinum,Top,Lulu,53.03,0.24
Platinum,Top,Malzahar,50.09,0.25
Platinum,Top,Master Yi,49.19,0.28
Platinum,Top,Kassadin,49.4,0.4
Platinum,Top,Tahm Kench,53.84,0.4
Platinum,Top,Trundle,48.42,0.42
Platinum,Top,Warwick,50.18,0.43
Platinum,Top,Nocturne,55.53,0.46
Platinum,Top,Karma,50.86,0.66
Platinum,Top,Kalista,45.92,0.73
Platinum,Top,Shyvana,52.7,0.75
Platinum,Top,Sion,52.97,0.77
Platinum,Top,Cho'Gath,52.25,0.78
Platinum,Top,Cassiopeia,52.75,0.84
Platinum,Top,Ryze,50.25,0.88
Platinum,Top,Pantheon,51.08,0.91
Platinum,Top,Rumble,49.4,0.96
Platinum,Top,Olaf,52.79,1.02
Platinum,Top,Dr. Mundo,50.05,1.09
Platinum,Top,Heimerdinger,52.92,1.16
Platinum,Top,Kay,49.64,1.35
Platinum,Top,Yasuo,48.11,1.46
Platinum,Top,Zac,52.03,1.49
Platinum,Top,Kennen,49.65,1.55
Platinum,Top,Gnar,49.33,1.61
Platinum,Top,Yorick,53.3,1.63
Platinum,Top,Tryndamere,51.61,1.65
Platinum,Top,Urgot,51.57,
Platinum,Top,Singed,53.1,1.98
Platinum,Top,illaoi,52.04,2.08
Platinum,Top,Kay,51.32,2.22
Platinum,Top,Hecarim,52.0,2.27
Platinum,Top,Quinn,54.1,2.3
Platinum,Top,Vayne,49.97,2.36
Platinum,Top,Kled,52.46,2.38
Platinum,Top,Rengar,53.36,2.43
Platinum,Top,Lucian,46.51,2.59
Platinum,Top,Riven,49.92,2.66
Platinum,Top,Nasus,51.39,2.67
Platinum,Top,Fiddlesticks,52.14,2.81
Platinum,Top,Teemo,51.46,3.19
Platinum,Top,Shen,51.3,3.2
Platinum,Top,Akali,46.1,3.34
Platinum,Top,Camille,50.63,3.45
Platinum,Top,Gangplank,48.47,3.68
Platinum,Top,Vladimir,49.98,3.71
Platinum,Top,Poppy,51.96,4.08
Platinum,Top,Malphite,51.66,4.14
Platinum,Top,,48.98,4.31
Platinum,Top,Jayce,49.8,4.92
Platinum,Top,Jax,51.21,5.18
Platinum,Top,Wukong,51.5,5.5
Platinum,Top,Volibear,41.83,5.89
Platinum,Top,Maokai,52.87,6.27
Platinum,Top,Sett,50.81,6.78
Platinum,Top,Fiora,51.35,6.94
Platinum,Top,Garen,52.23,7.39
Platinum,Top,Irelia,48.84,7.58
Platinum,Top,Ornn,51.41,7.87
Platinum,Top,Darius,52.18,9.69
Platinum,Top,Mordekaiser,50.61,10.02
Platinum,Top,Renekton,50.77,10.15
Platinum,Top,Aatrox,49.92,12.45
Platinum,Jungle,Sion,56.6,0.02
Platinum,Jungle,Urgot,44.09,0.05
Platinum,Jungle,Tryndamere,41.3,0.07
Platinum,Jungle,Brand,54.72,0.07
Platinum,Jungle,Rumble,37.76,0.08
Platinum,Jungle,Nasus,42.86,0.09
Platinum,Jungle,Qiyana,39.01,0.1
Platinum,Jungle,Riven,44.67,0.11
Platinum,Jungle,Cho'Gath,48.78,0.11
Platinum,Jungle,Teemo,39.46,0.12
Platinum,Jungle,Shen,43.91,0.16
Platinum,Jungle,Malphite,42.29,0.19
Platinum,Jungle,Twitch,47.21,0.25
Platinum,Jungle,Diana,47.14,0.27
Platinum,Jungle,Aatrox,46.62,0.31
Platinum,Jungle,Skarner,52.28,0.33
Platinum,Jungle,Camille,48.79,0.5
Platinum,Jungle,Pantheon,46.83,0.69
Platinum,Jungle,Taliyah,50.67,
Platinum,Jungle,Rengar,50.66,0.79
Platinum,Jungle,Ivern,51.93,0.87
Platinum,Jungle,Udyr,51.7,0.92
Platinum,Jungle,Dr. Mundo,50.68,1.06
Platinum,Jungle,Sett,49.82,1.21
Platinum,Jungle,Jax,50.74,1.55
Platinum,Jungle,Poppy,51.65,1.56
Platinum,Jungle,Vi,51.64,1.77
Platinum,Jungle,Nocturne,48.29,1.79
Platinum,Jungle,Sejuani,49.95,1.84
Platinum,Jungle,Amumu,48.55,2.0
Platinum,Jungle,Kha'Zix,50.38,2.06
Platinum,Jungle,Volibear,42.86,2.22
Platinum,Jungle,Rammus,51.3,2.33
Platinum,Jungle,Karthus,51.22,2.38
Platinum,Jungle,Warwick,52.73,2.5
Platinum,Jungle,Wukong,52.29,2.64
Platinum,Jungle,Gragas,47.96,2.86
Platinum,Jungle,Nunu,50.7,2.92
Platinum,Jungle,Xin Zhao,51.24,3.35
Platinum,Jungle,Kindred,51.05,3.43
Platinum,Jungle,Olaf,52.16,3.73
Platinum,Jungle,Shaco,52.26,3.73
Platinum,Jungle,Hecarim,51.56,3.79
Platinum,Jungle,Evelynn,52.02,4.02
Platinum,Jungle,Fiddlesticks,53.95,4.24
Platinum,Jungle,Master Yi,50.07,4.25
Platinum,Jungle,Sylas,46.64,5.13
Platinum,Jungle,Shyvana,51.6,5.85
Platinum,Jungle,Rek'Sai,52.45,6.29
Platinum,Jungle,Nidalee,49.4,7.14
Platinum,Jungle,Trundle,53.38,7.96
Platinum,Jungle,Jarvan IV,50.62,8.48
Platinum,Jungle,Zac,51.23,9.32
Platinum,Jungle,Kayn,51.72,10.29
Platinum,Jungle,Elise,52.12,11.14
Platinum,Jungle,Ekko,50.98,13.42
Platinum,Jungle,Graves,50.81,15.1
Platinum,Jungle,Lee Sin,49.29,28.34
Platinum,Mid,Kha'Zix,59.13,0.04
Platinum,Mid,Yorick,61.54,0.04
Platinum,Mid,illaoi,58.54,0.06
Platinum,Mid,Urgot,52.87,0.07
Platinum,Mid,Zyra,54.89,0.08
Platinum,Mid,,44.24,0.09
Platinum,Mid,Sion,55.53,0.1
Platinum,Mid,Nunu,30.07,0.13
Platinum,Mid,Gangplank,45.18,0.14
Platinum,Mid,Nasus,46.67,0.14
Platinum,Mid,Taric,62.29,0.15
Platinum,Mid,Kog'Maw,47.77,0.16
Platinum,Mid,Poppy,55.56,0.16
Platinum,Mid,Karthus,52.28,0.17
Platinum,Mid,Kayle,51.09,0.18
Platinum,Mid,Gragas,48.3,0.19
Platinum,Mid,Fiddlesticks,54.24,0.19
Platinum,Mid,Volibear,39.58,0.21
Platinum,Mid,,53.35,0.21
Platinum,Mid,Fiora,53.49,0.22
Platinum,Mid,Kennen,53.77,0.22
Platinum,Mid,Brand,46.61,0.25
Platinum,Mid,Riven,50.0,0.25
Platinum,Mid,Taliyah,50.22,0.25
Platinum,Mid,Swain,51.76,0.29
Platinum,Mid,Kayn,54.44,0.29
Platinum,Mid,Tryndamere,51.14,0.3
Platinum,Mid,Tristana,47.67,0.33
Platinum,Mid,Kalista,48.05,0.33
Platinum,Mid,Master Yi,52.49,0.34
Platinum,Mid,Heimerdinger,53.48,0.37
Platinum,Mid,Quinn,57.36,0.37
Platinum,Mid,Wukong,52.87,0.38
Platinum,Mid,Lulu,51.03,0.46
Platinum,Mid,Morgana,50.89,0.47
Platinum,Mid,Cho'Gath,52.03,0.63
Platinum,Mid,Ziggs,46.92,0.65
Platinum,Mid,Karma,50.48,0.65
Platinum,Mid,Camille,50.63,0.67
Platinum,Mid,Vel'Koz,51.56,0.69
Platinum,Mid,Kled,55.83,0.71
Platinum,Mid,Sett,52.06,0.75
Platinum,,Neeko,52.43,0.75
Platinum,Mid,Ornn,50.33,0.79
Platinum,Mid,Zilean,52.51,0.81
Platinum,Mid,Mordekaiser,51.58,0.84
Platinum,Mid,Aurelion Sol,54.35,0.85
Platinum,Mid,Malphite,50.78,0.86
Platinum,Mid,Pyke,53.09,1.05
Platinum,Mid,Veigar,51.36,1.11
Platinum,Mid,Garen,53.42,1.36
Platinum,Mid,Lux,51.44,1.38
Platinum,Mid,Jayce,49.54,1.44
Platinum,Mid,Aatrox,50.68,1.53
Platinum,Mid,Annie,54.17,1.55
Platinum,Mid,Renekton,51.36,1.56
Platinum,Mid,Xerath,50.42,1.73
Platinum,Mid,Azir,47.45,1.76
Platinum,Mid,Viktor,48.97,1.87
Platinum,Mid,Anivia,52.57,1.94
Platinum,Mid,Ryze,47.71,1.97
Platinum,Mid,Rumble,49.5,2.1
Platinum,Mid,Lissandra,49.43,2.19
Platinum,Mid,Qiyana,49.65,2.3
Platinum,Mid,Nocturne,53.62,2.43
Platinum,Mid,Malzahar,51.44,2.45
Platinum,Mid,Corki,48.07,3.21
Platinum,Mid,Lucian,45.26,3.37
Platinum,Mid,Akali,46.41,4.62
Platinum,Mid,Orianna,51.28,4.65
Platinum,Mid,Vladimir,50.4,4.66
Platinum,Mid,Cassiopeia,51.59,4.85
Platinum,Mid,Ekko,52.42,5.25
Platinum,Mid,Pantheon,52.8,5.25
Platinum,Mid,Galio,52.3,5.37
Platinum,Mid,Diana,51.9,5.38
Platinum,Mid,Talon,52.79,5.5
Platinum,Mid,Ahri,52.89,5.53
Platinum,Mid,Zoe,50.58,5.61
Platinum,Mid,Irelia,46.39,6.06
Platinum,Mid,Kassadin,51.02,6.1
Platinum,Mid,Katarina,53.06,6.16
Platinum,Mid,Fizz,51.73,6.5
Platinum,Mid,Syndra,48.33,6.51
Platinum,Mid,Zed,49.99,9.1
Platinum,Mid,Sylas,49.15,9.75
Platinum,Mid,LeBlanc,48.19,10.23
Platinum,Mid,Yasuo,50.95,11.09
Platinum,Mid,Twisted Fate,51.38,13.63
Platinum,Bottom,Cho'Gath,54.61,0.03
Platinum,Bottom,Viktor,45.8,0.07
Platinum,Bottom,Rengar,58.71,0.07
Platinum,Bottom,Veigar,53.95,0.08
Platinum,Bottom,Tahm Kench,50.0,0.1
Platinum,Bottom,Taliyah,46.92,0.13
Platinum,,Corki,49.16,0.14
Platinum,Bottom,kindred,50.88,0.14
Platinum,Bottom,Heimerdinger,49.45,0.21
Platinum,Bottom,Zed,54.39,0.33
Platinum,Bottom,Maokai,55.68,0.42
Platinum,Bottom,Ziggs,51.49,0.55
Platinum,Bottom,Swain,50.44,0.6
Platinum,Bottom,Syndra,50.46,0.63
Platinum,Bottom,Cassiopeia,52.89,1.02
Platinum,Bottom,Twitch,51.82,1.2
Platinum,Bottom,Kog'Maw,51.89,1.27
Platinum,Bottom,Tristana,49.37,1.84
Platinum,Bottom,Yasuo,52.25,2.22
Platinum,Bottom,Draven,51.21,2.24
Platinum,Bottom,Xayah,48.87,2.6
Platinum,Bottom,Sivir,51.6,4.37
Platinum,Bottom,Jinx,51.86,6.31
Platinum,Bottom,kalista,49.78,6.78
Platinum,Bottom,Jhin,51.74,6.93
Platinum,Bottom,Miss Fortune,50.74,7.46
Platinum,Bottom,Vayne,50.7,11.21
Platinum,Bottom,Caitlyn,51.34,12.02
Platinum,Bottom,Varus,51.57,12.02
Platinum,Bottom,Ashe,52.97,12.12
Platinum,Bottom,Lucian,48.35,14.02
Platinum,Bottom,Aphelios,,16.46
Platinum,Bottom,Kai'Sa,48.53,22.8
Platinum,Bottom,,51.81,49.53
Platinum,Supporter,Ivern,38.15,0.04
Platinum,Supporter,Singed,45.54,0.05
Platinum,Supporter,Cho'Gath,47.41,0.05
Platinum,Supporter,Rammus,32.96,0.06
Platinum,,Lissandra,44.01,0.06
Platinum,Supporter,Kennen,50.0,0.08
Platinum,Supporter,Heimerdinger,47.1,0.12
Platinum,Supporter,Ziggs,46.88,0.14
Platinum,Supporter,Syndra,43.4,0.17
Platinum,Supporter,Rumble,43.77,0.17
Platinum,Supporter,Sion,50.39,0.17
Platinum,Supporter,Taliyah,53.35,0.17
Platinum,Supporter,Teemo,41.18,0.18
Platinum,Supporter,Zoe,45.18,0.18
Platinum,Supporter,Trundle,47.88,0.2
Platinum,Supporter,Anivia,46.97,0.25
Platinum,Supporter,LeBlanc,43.55,0.28
Platinum,Supporter,Annie,49.56,0.28
Platinum,Supporter,Ashe,46.53,0.32
Platinum,Supporter,Gragas,50.03,0.36
Platinum,Supporter,Nunu,38.41,0.38
Platinum,Supporter,Miss Fortune,43.67,0.38
Platinum,Supporter,Volibear,35.36,0.46
Platinum,Supporter,Veigar,47.6,0.5
Platinum,Supporter,Neeko,49.94,0.53
Platinum,Supporter,Tahm Kench,46.73,0.64
Platinum,Supporter,Poppy,50.4,0.66
Platinum,Supporter,Zac,50.67,0.76
Platinum,Supporter,Shen,50.46,0.8
Platinum,Supporter,Malphite,47.25,0.94
Platinum,Supporter,Fiddlesticks,52.13,1.03
Platinum,Supporter,Pantheon,51.41,1.24
Platinum,Supporter,Blitzcrank,52.3,1.33
Platinum,Supporter,Galio,52.28,1.63
Platinum,,Vel'Koz,50.25,1.78
Platinum,Supporter,Taric,52.56,1.84
Platinum,Supporter,Sona,53.03,1.84
Platinum,Supporter,Brand,50.92,1.9
Platinum,Supporter,Maokai,52.89,2.02
Platinum,Supporter,Shaco,52.62,2.17
Platinum,Supporter,Rakan,50.17,2.31
Platinum,Supporter,Zyra,52.15,2.39
Platinum,Supporter,Braum,49.48,2.72
Platinum,Supporter,Swain,50.5,2.72
Platinum,Supporter,Nami,50.48,3.42
Platinum,Supporter,Alistar,51.53,3.98
Platinum,Supporter,Janna,52.64,4.2
Platinum,Supporter,Xerath,50.05,4.27
Platinum,Supporter,Lux,51.47,4.31
Platinum,Supporter,Zilean,52.76,5.16
Platinum,Supporter,,48.91,5.27
Platinum,Supporter,Soraka,51.71,5.53
Platinum,Supporter,Bard,53.87,6.63
Platinum,Supporter,Morgana,49.48,7.6
Platinum,Supporter,Pyke,49.85,8.46
Platinum,Supporter,Karma,50.71,8.55
Platinum,Supporter,Lulu,52.14,8.6
Platinum,Supporter,Leona,52.2,9.48
Platinum,Supporter,Nautilus,50.18,9.54
Platinum,Supporter,Senna,50.74,13.96
Platinum,Supporter,Yuumi,50.21,17.77
Platinum,Supporter,Thresh,50.44,22.65
Diamond+,Top,Azir,49.5,0.05
Diamond+,Top,Annie,47.17,0.06
Diamond+,Top,Draven,48.1,0.08
Diamond+,Top,Anivia,48.28,0.08
Diamond+,Top,Amumu,50.31,0.09
Diamond+,Top,Corki,45.88,0.1
Diamond+,Top,Sejuani,50.54,0.1
Diamond+,Top,Karthus,52.22,0.1
Diamond+,Top,Diana,54.19,0.1
Diamond+,Top,Swain,47.53,0.12
Diamond+,Top,Kha'Zix,53.67,0.12
Diamond+,Top,Tristana,56.22,0.13
Diamond+,Top,Nunu,40.82,0.14
Diamond+,Top,Viktor,46.76,0.15
Diamond+,Top,Malzahar,46.76,0.16
Diamond+,Top,Zilean,52.2,0.17
Diamond+,Top,Lissandra,52.22,0.17
Diamond+,Top,Skarner,56.35,0.17
Diamond+,Top,Soraka,46.96,0.19
Diamond+,Top,Gragas,49.49,0.21
Diamond+,Top,Master Yi,47.88,0.22
Diamond+,Top,Neeko,52.48,0.29
Diamond+,Top,Tahm Kench,50.41,0.33
Diamond+,Top,Rammus,51.32,0.33
Diamond+,Top,Nocturne,54.66,0.33
Diamond+,Top,Trundle,45.51,0.34
Diamond+,Top,Kassadin,51.61,0.47
Diamond+,Top,Karma,50.16,0.5
Diamond+,Top,Shyvana,51.97,0.55
Diamond+,Top,Lulu,57.05,0.55
Diamond+,Top,Dr. Mundo,48.58,0.61
Diamond+,Top,Warwick,48.07,0.64
Diamond+,Top,Sion,52.84,0.71
Diamond+,Top,kalista,47.14,0.78
Diamond+,Top,Cho'Gath,53.15,0.78
Diamond+,Top,Ryze,47.99,0.8
Diamond+,Top,illaoi,49.15,0.95
Diamond+,Top,Yasuo,47.04,0.97
Diamond+,Top,Cassiopeia,54.47,0.98
Diamond+,Top,Zac,50.59,1.0
Diamond+,Top,Yorick,53.48,1.04
Diamond+,Top,Kayn,50.25,1.09
Diamond+,Top,Heimerdinger,52.7,1.09
Diamond+,Top,Rumble,51.23,1.2
Diamond+,Top,Pantheon,53.32,1.29
Diamond+,Top,Urgot,40.8,1.41
Diamond+,Top,Vayne,51.58,1.46
Diamond+,Top,Teemo,50.74,1.52
Diamond+,Top,Olaf,54.33,1.58
Diamond+,Top,Nasus,50.3,1.59
Diamond+,Top,Gnar,51.58,1.63
Diamond+,Top,Kayle,51.93,1.7
Diamond+,Top,Fiddlesticks,50.56,1.73
Diamond+,Top,Kennen,51.17,1.77
Diamond+,Top,Tryndamere,52.45,1.79
Diamond+,Top,Quinn,53.84,1.87
Diamond+,Top,Riven,51.29,2.05
Diamond+,Top,Kled,53.04,2.65
Diamond+,Top,Singed,53.26,2.67
Diamond+,Top,Shen,52.68,2.82
Diamond+,Top,Rengar,53.88,2.84
Diamond+,Top,Lucian,47.02,2.93
Diamond+,Top,Malphite,51.54,3.21
Diamond+,Top,Akali,47.7,3.27
Diamond+,Top,Hecarim,52.66,3.48
Diamond+,Top,Vladimir,50.35,3.93
Diamond+,Top,Volibear,41.27,4.33
Diamond+,Top,Sylas,49.3,4.48
Diamond+,Top,Poppy,53.58,4.51
Diamond+,Top,Gangplank,50.96,4.59
Diamond+,Top,Camille,54.25,4.75
Diamond+,Top,Garen,50.68,5.7
Diamond+,Top,Maokai,51.76,6.97
Diamond+,Top,Irelia,,7.0
Diamond+,Top,Ornn,50.22,7.06
Diamond+,Top,Jayce,49.46,7.08
Diamond+,Top,Fiora,51.78,7.36
Diamond+,Top,Jax,53.42,7.44
Diamond+,Top,Sett,,7.56
Diamond+,Top,Darius,52.05,7.63
Diamond+,Top,Mordekaiser,49.34,8.77
Diamond+,Top,Wukong,52.86,9.55
Diamond+,Top,Renekton,50.74,10.63
Diamond+,Top,Aatrox,49.42,14.07
Diamond+,Jungle,Teemo,33.64,0.06
Diamond+,Jungle,Aurelion Sol,42.86,0.06
Diamond+,Jungle,Urgot,50.48,0.06
Diamond+,Jungle,Cho'Gath,47.58,0.07
Diamond+,Jungle,Brand,51.82,0.07
Diamond+,Jungle,Rumble,42.33,0.1
,Jungle,Diana,46.53,0.13
Diamond+,Jungle,Morgana,50.91,0.14
Diamond+,Jungle,Qiyana,40.38,0.17
Diamond+,Jungle,Camille,44.91,0.32
Diamond+,Jungle,Skarner,50.74,0.44
Diamond+,Jungle,Pantheon,49.42,0.47
Diamond+,Jungle,Twitch,48.73,0.49
Diamond+,Jungle,Dr. Mundo,53.01,0.57
Diamond+,Jungle,Udyr,53.15,0.66
Diamond+,Jungle,Nocturne,47.7,0.73
Diamond+,Jungle,Amumu,47.43,0.88
Diamond+,Jungle,Rengar,49.94,0.88
Diamond+,Jungle,Jax,53.15,0.98
Diamond+,Jungle,Sett,49.14,1.04
Diamond+,Jungle,Vi,49.92,1.08
Diamond+,Jungle,Ivern,52.09,1.14
Diamond+,Jungle,Volibear,40.8,1.19
Diamond+,Jungle,Rammus,48.29,1.39
Diamond+,Jungle,Sejuani,49.48,1.42
Diamond+,Jungle,Taliyah,52.46,1.42
Diamond+,Jungle,Poppy,53.23,1.58
Diamond+,Jungle,Kha'Zix,50.14,1.71
Diamond+,Jungle,Wukong,51.91,2.0
Diamond+,Jungle,Warwick,51.47,2.09
Diamond+,Jungle,Master Yi,48.6,2.44
Diamond+,Jungle,Gragas,47.97,2.63
Diamond+,Jungle,Xin Zhao,50.19,2.75
Diamond+,Jungle,Nunu,51.09,2.87
Diamond+,Jungle,Shaco,52.11,3.3
Diamond+,Jungle,Hecarim,50.11,3.31
Diamond+,Jungle,Shyvana,50.24,3.43
Diamond+,Jungle,Fiddlesticks,52.42,3.43
Diamond+,Jungle,Evelynn,53.98,4.21
Diamond+,Jungle,kindred,51.24,4.4
Diamond+,Jungle,Karthus,53.4,4.48
Diamond+,Jungle,Olaf,51.72,4.57
Diamond+,Jungle,Sylas,45.6,5.58
Diamond+,Jungle,Jarvan IV,47.96,6.75
Diamond+,Jungle,Zac,51.34,6.99
Diamond+,Jungle,Kayn,50.4,7.25
Diamond+,Jungle,Trundle,51.84,8.42
Diamond+,Jungle,Rek'Sai,53.57,11.14
Diamond+,Jungle,Nidalee,52.09,12.0
Diamond+,Jungle,Elise,52.5,12.41
Diamond+,,Ekko,50.75,16.33
Diamond+,Jungle,Graves,51.0,17.0
Diamond+,Jungle,Lee Sin,50.04,30.02
Diamond+,Mid,Urgot,52.8,0.07
Diamond+,Mid,Teemo,39.74,0.08
Diamond+,Mid,Singed,45.45,0.08
Diamond+,Mid,Nasus,42.2,0.09
Diamond+,Mid,Brand,45.68,0.09
Diamond+,Mid,Sion,46.24,0.09
Diamond+,Mid,Nunu,13.26,0.1
Diamond+,Mid,Kayle,52.13,0.11
Diamond+,Mid,Volibear,30.74,0.13
Diamond+,,Kog'Maw,38.96,0.13
Diamond+,Mid,Poppy,55.17,0.14
Diamond+,Mid,Gangplank,45.33,0.16
Diamond+,Mid,Gragas,49.33,0.16
Diamond+,Mid,Riven,52.6,0.17
Diamond+,Mid,Fiora,53.39,0.2
Diamond+,Mid,Karthus,53.53,0.2
Diamond+,Mid,Swain,57.06,0.27
Diamond+,Mid,kalista,49.9,0.28
Diamond+,Mid,Kennen,55.6,0.28
Diamond+,Mid,Master Yi,49.25,0.29
Diamond+,Mid,Taric,59.58,0.29
Diamond+,Mid,Tryndamere,49.21,0.31
Diamond+,Mid,Kayn,50.77,0.32
Diamond+,Mid,Tristana,50.84,0.32
Diamond+,Mid,Quinn,52.18,0.32
Diamond+,Mid,Morgana,51.89,0.37
Diamond+,Mid,Heimerdinger,49.35,0.38
Diamond+,Mid,Malphite,47.83,0.43
Diamond+,Mid,Wukong,54.01,0.46
Diamond+,Mid,Lux,46.96,0.51
Diamond+,Mid,Ziggs,47.53,0.51
Diamond+,Mid,Cho'Gath,50.34,0.55
Diamond+,Mid,Taliyah,58.63,0.62
Diamond+,Mid,Veigar,49.91,0.63
Diamond+,Mid,Neeko,50.17,0.63
Diamond+,Mid,Zilean,50.91,0.63
Diamond+,Mid,Ornn,47.86,0.7
Diamond+,Mid,Camille,47.08,0.71
Diamond+,Mid,Mordekaiser,49.69,0.71
Diamond+,Mid,Vel'Koz,52.2,0.77
Diamond+,Mid,Kled,55.41,0.86
Diamond+,Mid,Sett,49.91,0.93
Diamond+,Mid,Lulu,54.32,0.98
Diamond+,Mid,Karma,50.93,0.99
Diamond+,Mid,Annie,52.22,1.02
Diamond+,Mid,Pyke,52.83,1.16
Diamond+,Mid,Garen,50.77,1.2
Diamond+,Mid,Aurelion Sol,52.21,1.22
Diamond+,Mid,Viktor,48.24,1.25
Diamond+,Mid,Xerath,50.15,1.25
Diamond+,Mid,Ryze,45.5,1.54
Diamond+,Mid,Azir,47.15,1.73
Diamond+,Mid,Aatrox,49.53,1.73
Diamond+,Mid,Malzahar,50.97,1.75
Diamond+,Mid,Renekton,51.64,1.75
Diamond+,Mid,Jayce,50.33,1.92
Diamond+,Mid,Lissandra,51.82,2.47
Diamond+,Mid,Nocturne,53.11,2.51
Diamond+,Mid,Anivia,53.2,
Diamond+,Mid,Corki,45.79,2.66
Diamond+,Mid,Rumble,50.09,2.9
Diamond+,Mid,Vladimir,49.33,3.43
Diamond+,Mid,Lucian,44.57,3.67
Diamond+,Mid,Orianna,50.96,4.15
Diamond+,Mid,Ahri,53.61,4.26
Diamond+,Mid,Qiyana,52.52,4.33
Diamond+,Mid,Akali,47.14,4.39
Diamond+,Mid,,52.38,4.51
Diamond+,Mid,Cassiopeia,52.56,4.59
Diamond+,Mid,Irelia,46.58,4.79
Diamond+,Mid,Ekko,51.06,6.2
Diamond+,Mid,Katarina,53.14,6.29
Diamond+,Mid,Pantheon,53.55,6.33
Diamond+,Mid,Fizz,52.84,6.4
Diamond+,Mid,Kassadin,50.97,6.49
Diamond+,Mid,Galio,53.33,6.83
Diamond+,Mid,Talon,53.29,7.05
Diamond+,Mid,Zed,49.21,7.42
Diamond+,Mid,Sylas,48.55,8.58
Diamond+,Mid,Syndra,49.37,8.62
Diamond+,Mid,Zoe,53.02,8.86
Diamond+,Mid,LeBlanc,48.45,9.37
Diamond+,Mid,Yasuo,50.97,9.38
Diamond+,Mid,Twisted Fate,52.26,13.95
Diamond+,Bottom,Rengar,51.2,0.09
Diamond+,Bottom,Corki,46.52,0.1
Diamond+,Bottom,Viktor,47.59,0.1
Diamond+,Bottom,Vel'Koz,49.04,0.11
Diamond+,Bottom,Veigar,52.71,0.15
Diamond+,Bottom,Tahm Kench,51.54,0.16
Diamond+,Bottom,Zed,50.47,0.28
Diamond+,Bottom,Taliyah,55.98,0.29
Diamond+,Bottom,kindred,55.65,0.31
Diamond+,Bottom,Heimerdinger,50.51,0.52
Diamond+,Bottom,Ziggs,50.39,0.61
Diamond+,Bottom,Swain,52.9,0.62
Diamond+,Bottom,Maokai,52.91,0.64
Diamond+,Bottom,Kog'Maw,52.33,0.94
Diamond+,Bottom,Syndra,49.9,1.05
Diamond+,Bottom,Twitch,52.79,1.6
Diamond+,Bottom,Tristana,49.96,1.81
Diamond+,Bottom,Cassiopeia,53.09,1.82
Diamond+,Bottom,Xayah,48.93,2.26
Diamond+,Bottom,Yasuo,51.79,2.77
Diamond+,Bottom,Draven,54.06,3.06
Diamond+,Bottom,Jinx,51.22,4.31
Diamond+,Bottom,Sivir,50.47,4.58
Diamond+,Bottom,Jhin,50.53,5.06
Diamond+,Bottom,Caitlyn,50.89,8.25
Diamond+,Bottom,Vayne,50.38,8.39
Diamond+,Bottom,Miss Fortune,50.83,8.59
Diamond+,Bottom,kalista,50.42,9.52
Diamond+,Bottom,Ashe,53.27,9.62
Diamond+,Bottom,Varus,51.3,12.15
Diamond+,Bottom,Lucian,48.31,12.18
Diamond+,Bottom,Kai'Sa,48.09,21.37
Diamond+,Bottom,Aphelios,50.64,25.76
Diamond+,Bottom,Ezreal,52.21,48.49
Diamond+,Supporter,Ivern,40.87,0.06
Diamond+,Supporter,Kennen,44.93,0.07
Diamond+,Supporter,Rammus,37.71,0.09
Diamond+,Supporter,Sion,48.8,0.09
Diamond+,Supporter,Teemo,36.98,0.1
Diamond+,Supporter,Taliyah,46.56,0.14
Diamond+,Supporter,Jarvan IV,48.91,0.15
Diamond+,Supporter,Rumble,41.82,0.18
Diamond+,Supporter,Anivia,51.47,0.18
Diamond+,Supporter,Ashe,45.6,
Diamond+,Supporter,Trundle,45.75,0.2
Diamond+,Supporter,Heimerdinger,50.41,0.2
Diamond+,Supporter,Annie,51.1,0.24
Diamond+,Supporter,Volibear,30.59,0.27
Diamond+,Supporter,Nunu,29.1,
Diamond+,,Veigar,50.9,0.33
Diamond+,Supporter,Malphite,42.22,0.38
Diamond+,Supporter,Neeko,47.24,0.39
Diamond+,Supporter,Poppy,49.57,0.57
Diamond+,Supporter,Zac,52.06,0.64
Diamond+,Supporter,Tahm Kench,48.25,0.69
Diamond+,Supporter,Gragas,49.22,0.69
Diamond+,Supporter,Shen,47.74,0.79
Diamond+,Supporter,Brand,51.15,0.89
Diamond+,Supporter,Fiddlesticks,50.4,0.95
Diamond+,Supporter,Vel'Koz,49.54,1.17
Diamond+,Supporter,Pantheon,52.75,1.33
Diamond+,Supporter,Shaco,51.24,1.39
Diamond+,Supporter,Sona,51.85,1.56
Diamond+,Supporter,Swain,50.96,1.63
Diamond+,Supporter,Galio,51.76,1.63
Diamond+,Supporter,Zyra,51.9,1.63
Diamond+,Supporter,Xerath,50.81,2.17
Diamond+,Supporter,Nami,50.12,2.24
Diamond+,Supporter,Maokai,52.28,2.35
Diamond+,Supporter,Rakan,52.23,2.7
Diamond+,Supporter,Lux,50.33,2.74
Diamond+,Supporter,Braum,50.76,2.96
Diamond+,Supporter,Taric,53.48,3.13
Diamond+,Supporter,Alistar,50.68,3.38
Diamond+,Supporter,Soraka,51.65,4.56
Diamond+,Supporter,Zilean,52.46,4.98
Diamond+,Supporter,Janna,53.23,5.06
Diamond+,Supporter,Morgana,49.17,6.26
Diamond+,Supporter,Sett,48.7,7.55
Diamond+,Supporter,Pyke,51.26,8.6
Diamond+,Supporter,Leona,52.0,8.71
Diamond+,Supporter,Lulu,51.85,9.13
Diamond+,Supporter,Nautilus,50.29,9.9
Diamond+,Supporter,Bard,54.59,11.59
Diamond+,Supporter,Karma,50.55,11.98
Diamond+,Supporter,Blitzcrank,51.32,12.35
Diamond+,Supporter,Senna,50.49,13.53
Diamond+,Supporter,Yuumi,49.11,18.44
Diamond+,Supporter,Thresh,51.56,24.47
